feature,importance,importance_pct
positions_gained,0.3701646074251507,0.3701646074251507
grid,0.24577424863030298,0.24577424863030298
avg_finish_last_3,0.18926904844805037,0.18926904844805037
rolling_avg_finish,0.08862462748252625,0.08862462748252625
quali_position,0.058014715633363655,0.058014715633363655
constructor_avg_points,0.03057081362170555,0.03057081362170555
avg_finish_at_circuit,0.0104237744117641,0.0104237744117641
dnfs_last_5,0.0071581643471363456,0.0071581643471363456
